City,Country,Date,Latitude,Longitude,Max Temperature (F),Humidity (%),Cloudiness (%),Wind Speed (mph)
Grindavik,IS,1595129439,63.84,-22.43,46.4,87,20,11.41
Sokoni,TZ,1595129440,-6.43,39.55,77.4,70,0,20.76
Busselton,AU,1595129422,-33.65,115.33,57,83,100,1.99
taolanaro,,,,,,,,
Tiznit Province,MA,1595129440,29.58,-9.5,76.87,32,0,1.66
Barrow,US,1595129441,71.29,-156.79,37.4,74,90,13.87
Nikolskoye,RU,1595129441,59.7,30.79,64.99,77,100,4.47
Rikitea,PF,1595129442,-23.12,-134.97,70.39,79,90,15.43
Port Alfred,ZA,1595129442,-33.59,26.89,57.99,79,0,8.61
Wānkāner,IN,1595129442,22.62,70.93,86,10,29,13.78
East London,ZA,1595129443,-33.02,27.91,60.15,68,0,7.23
Nchelenge,ZM,1595129443,-9.35,28.73,51.3,83,0,7.09
Andradas,BR,1595129346,-22.07,-46.57,58.39,78,0,6.53
Vila Franca do Campo,PT,1595129443,37.72,-25.43,68,72,75,6.93
Gurupá,BR,1595129444,-1.41,-51.64,74.43,79,25,3.31
Torbat-e Jām,IR,1595129444,35.24,60.62,89.67,12,0,22.12
Ojinaga,MX,1595129444,29.57,-104.42,91.4,29,1,13.87
Faanui,PF,1595129445,-16.48,-151.75,75.11,83,65,23.64
Laas,IT,1595129445,46.62,10.7,50,87,19,5.82
Bahía Blanca,AR,1595129445,-38.72,-62.27,52.79,70,94,5.68
Atuona,PF,1595129446,-9.8,-139.03,78.89,80,33,16.46
Hirado,JP,1595129446,33.36,129.55,84.2,83,75,6.93
Vila Velha,BR,1595129447,-20.33,-40.29,66,93,75,3.36
New Norfolk,AU,1595129374,-42.78,147.06,57.99,71,18,3
Abadan,TM,1595129447,38.05,58.21,89.6,27,0,13.87
barentsburg,,,,,,,,
Ushuaia,AR,1595129448,-54.8,-68.3,32,93,75,10.29
Kapaa,US,1595129448,22.08,-159.32,82,94,40,10.29
Söderhamn,SE,1595129448,61.3,17.06,64,73,66,3
samusu,,,,,,,,
Nikolayevsk-on-Amur,RU,1595129449,53.14,140.73,77.9,56,71,5.3
Vaini,TO,1595129449,-21.2,-175.2,80.6,78,75,13.87
Mawlaik,MM,1595129450,23.63,94.42,86.23,74,96,3.49
Punta Arenas,CL,1595129410,-53.15,-70.92,33.8,80,99,19.46
Sobolevo,RU,1595129450,54.43,31.9,57.78,80,83,4.18
Miranda,CO,1595129451,3.25,-76.23,73.4,73,40,8.05
kazalinsk,,,,,,,,
Atyrau,KZ,1595129452,47.12,51.88,78.8,41,5,13.42
Puerto Ayora,EC,1595129452,-0.74,-90.35,70,92,84,7
Nioro,GM,1595129452,13.35,-15.75,75.38,90,62,4.79
toliary,,,,,,,,
Hithadhoo,MV,1595129453,-0.6,73.08,82.89,76,100,10.18
Carutapera,BR,1595129453,-1.2,-46.02,72.61,92,27,3.71
Kruisfontein,ZA,1595129453,-34,24.73,48,82,0,3.69
Pacific Grove,US,1595129454,36.62,-121.92,64.4,72,1,11.41
Shilovo,RU,1595129454,54.32,40.87,58.69,87,91,5.75
Najrān,SA,1595129454,17.49,44.13,80.6,26,71,4.7
Vestmannaeyjar,IS,1595129455,63.44,-20.27,48.47,76,35,22.5
Edd,ER,1595129455,13.93,41.69,93.16,39,100,8.66
Saint-Philippe,RE,1595129456,-21.36,55.77,66.2,68,90,11.41
Dalby,AU,1595129456,-27.18,151.27,68,37,0,9.17
Bluff,NZ,1595129457,-46.6,168.33,46.81,65,15,3.87
Nuuk,GL,1595129457,64.18,-51.72,53.6,87,100,2.24
Tasiilaq,GL,1595129457,65.61,-37.64,42.8,81,79,8.05
belushya guba,,,,,,,,
Belaya Gora,RU,1595129460,68.53,146.42,72.61,38,0,14.47
Saint-Joseph,RE,1595129460,-21.37,55.62,66.2,68,90,11.41
Nanga Eboko,CM,1595129461,4.68,12.37,68.58,97,100,2.55
Ketchikan,US,1595129461,55.34,-131.65,57.2,93,90,11.41
Geraldton,AU,1595129461,-28.77,114.6,62.6,72,40,12.75
Castro,BR,1595129462,-24.79,-50.01,56.41,93,0,4.12
Mataura,NZ,1595129462,-46.19,168.86,46.11,63,0,1.14
Khatanga,RU,1595129462,71.97,102.5,50.07,73,100,6.11
Olinda,BR,1595129462,-8.01,-34.86,77,78,40,9.17
Cabo San Lucas,MX,1595129463,22.89,-109.91,84.99,62,39,6.42
Buala,SB,1595129463,-8.14,159.59,84.87,61,31,6.15
Butaritari,KI,1595129463,3.07,172.79,83.01,77,40,14.07
Karratha,AU,1595129461,-20.74,116.85,73.87,47,0,6.02
Lebu,CL,1595129464,-37.62,-73.65,52.86,87,100,13.2
Saint Paul Harbor,US,1595129199,57.79,-152.41,64.4,68,90,8.05
Tabuk,PH,1595129464,17.42,121.44,88.95,55,65,5.77
Margate,GB,1595129465,51.38,1.39,64.99,86,98,1.99
Talcahuano,CL,1595129465,-36.72,-73.12,55.4,87,90,8.05
Howard Springs,AU,1595129465,-12.5,131.05,88,37,40,9.17
Mayo,US,1595129466,38.89,-76.51,81,78,1,3.36
Port Blair,IN,1595129466,11.67,92.75,85.05,70,66,8.97
Hong Kong,HK,1595129357,22.29,114.16,90,69,100,8.99
Kerava,FI,1595129466,60.4,25.11,57.99,93,99,2.53
Zima,RU,1595129467,53.92,102.04,60.26,48,57,9.48
Qaanaaq,GL,1595129467,77.48,-69.36,46.56,76,98,0.54
Tiksi,RU,1595129467,71.69,128.87,53.02,95,100,7.45
Lorengau,PG,1595129468,-2.02,147.27,83.61,72,47,6.11
Cockburn Town,TC,1595129468,21.46,-71.14,83.68,79,0,18.95
Jiaojiang,CN,1595129232,28.68,121.44,96.01,66,42,4
Morant Bay,JM,1595129468,17.88,-76.41,84.2,74,20,3.36
Mokhsogollokh,RU,1595129469,61.47,128.92,76.5,52,100,4.25
Anadyr,RU,1595129469,64.75,177.48,53.6,66,14,17.9
Srednekolymsk,RU,1595129469,67.45,153.68,72.27,44,0,10.51
Cidreira,BR,1595129469,-30.18,-50.21,64.29,86,17,5.37
illoqqortoormiut,,,,,,,,
Ancud,CL,1595129470,-41.87,-73.82,51.01,100,90,5.82
Tuktoyaktuk,CA,1595129470,69.45,-133.04,42.8,87,90,12.75
Tiarei,PF,1595129470,-17.53,-149.33,78.8,69,20,6.93
Narsaq,GL,1595129470,60.92,-46.05,50,57,69,3.36
sentyabrskiy,,,,,,,,
Mount Gambier,AU,1595129471,-37.83,140.77,48.2,93,40,20.8
nizhneyansk,,,,,,,,
Tahe,CN,1595129472,52.33,124.73,84.67,34,100,14.76
Albany,US,1595129472,42.6,-73.97,77,67,73,3.27
Kununurra,AU,1595129472,-15.77,128.73,87.8,13,31,13.87
Ambilobe,MG,1595129473,-13.2,49.05,64.87,58,55,4.03
Ouadda,CF,1595129473,8.08,22.4,66.67,95,100,3.22
Cape Town,ZA,1595129379,-33.93,18.42,59,93,0,9.17
Eha Amufu,NG,1595129474,6.66,7.76,75.2,94,40,3.36
Vyshestebliyevskaya,RU,1595129474,45.2,37.02,69.8,73,40,2.24
Hobart,AU,1595129392,-42.88,147.33,57.99,66,75,5.82
Mahon,ES,1595129474,39.89,4.27,68,94,0,4.7
College,US,1595129475,64.86,-147.8,68,64,75,4.7
Hirara,JP,1595129475,24.8,125.28,86,84,75,11.41
Carnarvon,AU,1595129475,-24.87,113.63,64.4,48,0,16.11
marcona,,,,,,,,
Hilo,US,1595129476,19.73,-155.09,78.8,78,90,12.75
Port Elizabeth,ZA,1595129476,-33.92,25.57,53.6,87,0,1.12
Jamestown,US,1595129477,42.1,-79.24,73.4,78,1,4.7
Matara,LK,1595129477,5.95,80.54,85.5,70,96,10.29
Pevek,RU,1595129232,69.7,170.31,47.44,62,1,5.08
Hambantota,LK,1595129478,6.12,81.12,78.8,94,75,1.12
Port-Gentil,GA,1595129478,-0.72,8.78,74.01,84,100,9.95
Provideniya,RU,1595129478,64.38,-173.3,49.91,64,6,5.14
Chui,UY,1595129479,-33.7,-53.46,62.33,93,9,6.17
Fortuna,US,1595129479,40.6,-124.16,61,87,1,4.7
Vanavara,RU,1595129479,60.34,102.28,60.12,58,64,6.89
Waddān,LY,1595129480,29.16,16.14,74.14,56,0,2.75
Cherat Cantonement,PK,1595129480,33.82,71.89,91.4,55,75,6.93
Kousséri,CM,1595129480,12.08,15.03,78.8,83,92,3.36
Avarua,CK,1595129480,-21.21,-159.78,73.4,73,65,9.17
Morón,AR,1595129481,-34.65,-58.62,59,100,90,4.7
abiy adi,,,,,,,,
Liptovský Hrádok,SK,1595129481,49.04,19.72,57,93,90,3.36
Portland,US,1595129028,45.52,-122.68,79,13,0,9.31
Airai,TL,1595129482,-8.93,125.41,74.66,37,0,3.91
Steamboat Springs,US,1595129408,40.48,-106.83,71.6,33,40,3.36
Tezu,IN,1595129482,27.92,96.17,76.33,87,100,2.64
Ahipara,NZ,1595129483,-35.17,173.17,58.66,85,100,13.62
Sinjār,IQ,1595129483,36.32,41.88,88.39,23,0,4.7
Suihua,CN,1595129483,46.64,127,80.83,60,100,6.64
Mitchell,US,1595129483,43.71,-98.03,69.8,77,1,6.93
Arraial do Cabo,BR,1595129484,-22.97,-42.03,69.4,76,0,15.86
Hermanus,ZA,1595129484,-34.42,19.23,53.01,90,23,6.96
Sur,OM,1595129484,22.57,59.53,86.52,77,59,10.31
Malakal,SS,1595129484,9.53,31.66,70.25,94,98,4.52
Praia da Vitória,PT,1595129485,38.73,-27.07,69.8,77,75,8.1
Mehamn,NO,1595129485,71.04,27.85,53.6,76,60,2.24
Bredasdorp,ZA,1595129485,-34.53,20.04,46.4,93,65,1.43
Dikson,RU,1595129487,73.51,80.55,39.38,97,100,8.39
tumannyy,,,,,,,,
Saint-Augustin,CA,1595129487,51.23,-58.65,58.41,84,92,7.23
Longyearbyen,SJ,1595129488,78.22,15.64,44.6,87,75,4.7
George Town,MY,1595129488,5.41,100.34,86,79,20,2.24
Kattivākkam,IN,1595129488,13.22,80.32,82.4,100,90,4.7
Kashgar,CN,1595129489,39.45,75.98,69.8,73,20,6.71
Salinópolis,BR,1595129489,-0.61,-47.36,77.94,82,38,9.66
Hasaki,JP,1595129489,35.73,140.83,82.99,83,75,5.82
Río Gallegos,AR,1595129453,-51.62,-69.22,33.8,86,40,11.41
Cayenne,GF,1595129490,4.93,-52.33,75.2,100,20,8.68
Mari-Turek,RU,1595129490,56.79,49.62,61.12,93,100,3.38
Mar del Plata,AR,1595129490,-38,-57.56,51.01,100,90,3.36
umzimvubu,,,,,,,,
Vao,NC,1595129491,-22.67,167.48,70.18,73,1,16.96
Thompson,CA,1595129238,55.74,-97.86,59,72,40,5.82
Karia,NG,1595129491,11.73,11.16,76.21,71,19,6.38
Bambous Virieux,MU,1595129492,-20.34,57.76,68,68,40,17.22
Nhulunbuy,AU,1595129492,-12.23,136.77,80.6,57,75,12.75
Upernavik,GL,1595129492,72.79,-56.15,46.53,58,3,4.12
Torbay,CA,1595129493,47.67,-52.73,59,67,75,14.99
São João da Barra,BR,1595129493,-21.64,-41.05,67.17,79,0,3.74
Marsá Maţrūḩ,EG,1595129493,31.35,27.25,69.8,88,40,8.1
Wellington,NZ,1595129353,-41.29,174.78,57.2,71,100,3.36
Plettenberg Bay,ZA,1595129494,-34.05,23.37,54.93,72,5,1.88
zachagansk,,,,,,,,
Neftegorsk,RU,1595129494,52.8,51.17,67.64,83,56,11.63
Athabasca,CA,1595129495,54.72,-113.29,57.61,85,71,3.69
Ilulissat,GL,1595129495,69.22,-51.1,48.2,57,100,2.24
Kahului,US,1595129495,20.89,-156.47,87.8,52,20,17.22
Maryville,US,1595129234,35.76,-83.97,82,69,75,5.82
Port Hardy,CA,1595129496,50.7,-127.42,59,93,90,6.93
Kloulklubed,PW,1595129496,7.04,134.26,87.8,66,75,8.05
Saint George,US,1595129249,37.1,-113.58,99,12,1,6.93
Aksarka,RU,1595129497,66.56,67.8,51.4,88,95,14.47
Atasū,KZ,1595129497,48.68,71.64,80.01,45,72,12.95
Asău,RO,1595129497,46.43,26.4,64.4,88,40,4.7
Chegdomyn,RU,1595129498,51.12,133.02,92.03,32,0,3.96
Yenagoa,NG,1595129498,4.92,6.26,73.92,95,99,3.47
Rūdbār,AF,1595129498,30.15,62.6,92.26,15,0,15.79
Necochea,AR,1595129498,-38.55,-58.74,45,90,21,5.99
Codrington,AU,1595129499,-38.27,141.97,51.15,76,72,20.6
Rawson,AR,1595129499,-43.3,-65.1,45.36,82,100,10.78
Pisco,PE,1595129499,-13.7,-76.22,57.2,87,0,4.7
Mackay,AU,1595129466,-21.15,149.2,68,77,75,12.75
Treinta y Tres,UY,1595129290,-33.23,-54.38,67.32,80,0,13.02
Flinders,AU,1595129500,-34.58,150.86,66,53,29,8.01
Cururupu,BR,1595129500,-1.83,-44.87,72.54,94,52,1.7
Poum,NC,1595129500,-20.23,164.02,71.44,64,2,14.18
Bilibino,RU,1595129501,68.05,166.44,72.3,38,36,11.54
Kamsack,CA,1595129501,51.57,-101.9,57.2,87,90,9.17
Kerrville,US,1595129501,30.05,-99.14,82.4,65,40,8.05
Salalah,OM,1595129502,17.02,54.09,78.8,94,75,4.7
Ust'-Ilimsk,RU,1595129502,58,102.66,57.49,63,92,3.62
Saskylakh,RU,1595129502,71.92,114.08,54.05,57,49,10.25
Egvekinot,RU,1595129503,66.32,-179.17,51.67,60,15,8.3
Jacareacanga,BR,1595129409,-6.22,-57.75,73.98,70,19,0.69
Xining,CN,1595129409,36.62,101.77,68,41,6,2.3
Álamos,MX,1595129503,27.02,-108.93,90,55,94,4
Maracaibo,VE,1595129217,10.63,-71.64,82.6,76,89,14.65
Balkanabat,TM,1595129504,39.51,54.37,95.52,19,0,3.8
Alyangula,AU,1595129504,-13.85,136.42,80.6,51,0,10.29
Nguruka,TZ,1595129505,-5.11,31.04,54.97,67,65,5.03
Pemangkat,ID,1595129505,1.17,108.97,83.79,69,8,4.56
Svarstad,NO,1595129505,59.4,9.97,60.01,1,100,7.72
La Santisima Trinidad,BO,1595129505,-14.83,-64.9,73.92,62,0,2.8
Guerrero Negro,MX,1595129506,27.98,-114.06,68.74,82,0,14.36
Rouvroy,FR,1595129506,50.39,2.9,53.6,93,96,4.7
Lakki,PK,1595129506,32.61,70.91,99.93,32,0,6.62
Mount Isa,AU,1595129506,-20.73,139.5,80.6,10,0,5.82
Fairbanks,US,1595129459,64.84,-147.72,68,60,75,8.05
kuche,,,,,,,,
Kismayo,SO,1595129507,-0.36,42.55,76.77,78,99,17.52
Nanortalik,GL,1595129507,60.14,-45.24,46.62,78,46,5.17
Malanje,AO,1595129508,-9.54,16.34,47.89,53,0,5.3
Biloela,AU,1595129508,-24.42,150.5,72.05,33,0,1.95
San Cristobal,VE,1595129508,7.77,-72.22,65.23,91,82,3.31
Lavrentiya,RU,1595129509,65.58,-171,50.4,69,90,8.32
Bengkulu,ID,1595129509,-3.8,102.27,85.53,61,71,3.42
Itamarandiba,BR,1595129509,-17.86,-42.86,52.59,97,34,3.98
Tari,NG,1595129509,12.41,4.49,75.43,83,88,7
Leiva,CO,1595129510,1.93,-77.3,63.91,92,95,1.34
Warwick,US,1595129379,41.7,-71.42,75.99,88,1,4.7
Luba,GQ,1595129510,3.46,8.55,73.4,100,40,2.24
Paita,PE,1595129510,-5.09,-81.11,60.98,85,1,12.41
Luanda,AO,1595129481,-8.84,13.23,68,94,75,4.7
Coyhaique,CL,1595129511,-45.58,-72.07,32,94,90,2.24
grand river south east,,,,,,,,
Bathsheba,BB,1595129511,13.22,-59.52,82.4,74,40,16.11
mys shmidta,,,,,,,,
Bushehr,IR,1595129512,28.97,50.84,93.2,38,24,4.7
Sibolga,ID,1595129263,1.74,98.78,86.58,57,100,2.64
Ust-Nera,RU,1595129512,64.57,143.2,59.72,69,100,7.38
Saldanha,ZA,1595129513,-33.01,17.94,46.4,93,0,5.82
Leningradskiy,RU,1595129513,69.38,178.42,41.92,73,11,10.02
Labuhan,ID,1595129513,-6.88,112.21,85.96,59,0,3.4
Russell,US,1595129514,32.35,-85.2,86,88,1,2.19
Lumby,CA,1595129514,50.25,-118.97,77,38,40,16.11
Tigil',RU,1595129514,57.8,158.67,60.62,62,84,10.67
Hue,VN,1595129408,16.47,107.6,95,47,20,6.93
tsihombe,,,,,,,,
Yulara,AU,1595129516,-25.24,130.99,59,38,100,9.17
Tamandaré,BR,1595129516,-8.76,-35.1,74.71,82,5,10.69
Kigoma,TZ,1595129516,-4.88,29.63,69.12,69,75,7.31
Ayan,RU,1595129517,56.45,138.17,55.6,95,99,4.45
Ribeira Grande,PT,1595129517,38.52,-28.7,68.52,79,12,7.94
Yeniseysk,RU,1595129517,58.45,92.17,68.49,45,88,2.21
Pangnirtung,CA,1595129518,66.15,-65.71,53.22,69,29,1.16
Waingapu,ID,1595129518,-9.66,120.26,84.79,58,3,12.17
Black River,JM,1595129518,18.03,-77.85,82.4,78,20,2.24
Ferkessédougou,CI,1595129519,9.6,-5.2,70.27,95,22,4.94
Caravelas,BR,1595129519,-17.71,-39.25,69.21,76,20,4.68
Cartagena,CO,1595129243,10.4,-75.51,81.05,86,84,14.74
Otorohanga,NZ,1595129519,-38.18,175.2,66,52,4,4.03
Bouar,CF,1595129520,5.93,15.6,64.45,99,100,2.26
Bakchar,RU,1595129520,57.02,82.07,74.32,53,96,4.29
Presidencia Roque Sáenz Peña,AR,1595129520,-26.79,-60.44,73.56,46,0,8.93
Eyl,SO,1595129520,7.98,49.82,79.47,61,97,33.46
Bozhou,CN,1595129521,33.88,115.77,81.59,63,99,10.49
Lagoa,PT,1595129521,39.05,-27.98,68.18,79,1,12.24
Amuntai,ID,1595129521,-2.42,115.25,92.68,52,19,0.87
ambodifototra,,,,,,,,
Manbij,SY,1595129522,36.53,37.95,68,72,0,7.9
Port Macquarie,AU,1595129522,-31.43,152.92,71.01,46,0,1.99
Rio Grande,BR,1595129523,-32.03,-52.1,70,82,1,10.54
Kaitangata,NZ,1595129523,-46.28,169.85,50,57,0,4
Alice Springs,AU,1595129426,-23.7,133.88,71.6,15,40,9.17
Alofi,NU,1595129511,-19.06,-169.92,80.6,65,94,9.17
Dhrāngadhra,IN,1595129524,22.98,71.47,88,67,21,11.7
Mahébourg,MU,1595129524,-20.41,57.7,68,68,40,17.22
Husavik,IS,1595129524,66.04,-17.34,42.8,87,90,4.7
Yangi Marg`ilon,UZ,1595129524,40.43,71.72,84.2,30,0,4.7
Tuatapere,NZ,1595129525,-46.13,167.68,49.05,61,6,3.04
Pierre,US,1595129336,44.37,-100.35,73.99,64,1,5.82
Road Town,VG,1595129525,18.42,-64.62,82,85,2,1.99
Padang,ID,1595129448,-0.95,100.35,84.2,74,20,2.24
Faya,SA,1595129526,18.39,42.45,68,45,62,9.66
Pochutla,MX,1595129526,15.74,-96.47,81,78,53,3.2
North Bend,US,1595129526,43.41,-124.22,64,93,1,17.22
Port Lincoln,AU,1595129527,-34.73,135.87,56.32,61,57,21.74
Rocha,UY,1595129527,-34.48,-54.33,63.05,91,100,7.61
Yellowknife,CA,1595129527,62.46,-114.35,71.01,49,40,9.17
Sambava,MG,1595129527,-14.27,50.17,69.62,73,37,13.11
Little Current,CA,1595129528,45.98,-81.92,69.8,88,90,3.36
Sept-Îles,CA,1595129319,50.2,-66.38,63,100,5,4.7
Lüderitz,NA,1595129528,-26.65,15.16,60.8,31,0,2.24
Xaçmaz,AZ,1595129528,41.46,48.81,85.95,42,0,3.98
Coquimbo,CL,1595129529,-29.95,-71.34,53.6,87,100,3.36
Bethel,US,1595129529,41.37,-73.41,72,83,1,3.06
Pichayevo,RU,1595129529,53.24,42.2,59.81,88,96,5.77
Bandarbeyla,SO,1595129530,9.49,50.81,80.51,58,91,34.07
Half Moon Bay,US,1595129530,37.46,-122.43,69.8,87,90,9.17
Barra de Tecoanapa,MX,1595129530,16.52,-98.75,80.65,85,22,2.71
Kathu,TH,1595129531,7.92,98.33,87.01,74,20,3.36
Vieux-Habitants,GP,1595129531,16.06,-61.77,77,83,4,3.36
sorvag,,,,,,,,
Kaoma,ZM,1595129531,-14.78,24.8,41.63,93,0,5.75
Thunder Bay,CA,1595129532,48.4,-89.32,66.2,93,90,4.7
Nemuro,JP,1595129532,43.32,145.57,73.4,73,40,4.7
Touros,BR,1595129532,-5.2,-35.46,69.8,100,20,3.36
Talas,TR,1595129532,38.69,35.55,62.6,77,0,4.7
Seydişehir,TR,1595129533,37.42,31.85,72.34,45,0,2.08
Pallapatti,IN,1595129533,11.66,78.13,84.2,70,40,3.36
Bonavista,CA,1595129533,48.65,-53.11,55.35,66,99,4.23
Tucuruí,BR,1595129533,-3.77,-49.67,72.37,74,5,3.36
Souillac,MU,1595129534,-20.52,57.52,68,68,40,17.22
Lata,PT,1595129534,40.16,-8.33,64.99,84,0,1.14
Yala,TH,1595129436,6.33,101.25,87.8,66,20,4.7
Klyuchi,RU,1595129535,52.27,79.17,73.08,52,100,12.48
Aswān,EG,1595129535,24.09,32.91,82.54,24,54,8.41
Pittsburg,US,1595129516,38.03,-121.88,87.01,29,1,6.93
Shubarkuduk,KZ,1595129535,49.14,56.49,84.25,49,7,12.66
Bubaque,GW,1595129536,11.28,-15.83,76.46,93,100,13.35
Kieta,PG,1595129536,-6.22,155.63,83.48,69,58,5.39
Fenyi,CN,1595129536,27.81,114.67,90.77,63,100,7.54
Moorhead,US,1595129536,46.87,-96.77,73.4,77,1,11.41
Naze,JP,1595129537,28.37,129.48,86,84,75,17.22
fulacunda,,,,,,,,
Campina Verde,BR,1595129537,-19.54,-49.49,66.15,58,0,7.2
Yar-Sale,RU,1595129538,66.83,70.83,48.79,91,100,14.94
San Joaquin,VE,1595129538,10.26,-67.79,73.33,86,100,3.27
Kamenka,RU,1595129538,51.32,42.77,60.01,95,0,4.65
Ammon,US,1595129427,43.47,-111.97,78.8,26,1,14.99
Nara,JP,1595129360,34.69,135.8,93.99,52,20,3.36
Beatrice,US,1595129332,40.27,-96.75,86,70,1,4.7
Selaphum,TH,1595129539,16.03,103.94,84.2,79,20,6.93
Mahon,ES,1595129474,39.89,4.27,68,94,0,4.7
amderma,,,,,,,,
Kapoeta,SS,1595129540,4.77,33.59,69.51,89,100,2.98
Obo,CF,1595129540,5.4,26.49,66.49,98,100,4.14
San Rafael,AR,1595129253,-34.62,-68.33,51.06,54,31,0.72
Naryan-Mar,RU,1595129541,67.67,53.09,57.38,68,1,8.21
Bay Roberts,CA,1595129541,47.6,-53.26,57.99,48,0,9.44
Meadow Lake,US,1595129541,34.8,-106.54,82.4,28,75,12.75
alashtar,,,,,,,,
Stephenville,US,1595129542,32.22,-98.2,82.99,54,1,8.05
katsiveli,,,,,,,,
Kathmandu,NP,1595129404,27.72,85.32,69.8,100,75,2.24
Kenai,US,1595129543,60.55,-151.26,61,72,75,12.75
Tonantins,BR,1595129543,-2.87,-67.8,72.05,96,10,1.23
Kumul,CN,1595129543,42.8,93.45,95.9,10,85,4.36
louisbourg,,,,,,,,
Jalu,LY,1595129544,29.03,21.55,72.81,60,0,8.41
Hutang,CN,1595129544,31.53,119.48,87.01,72,100,1.01
mrirt,,,,,,,,
Dalupirip,PH,1595129545,16.33,120.73,88.72,48,93,4.47
Hualmay,PE,1595129545,-11.1,-77.61,58.77,84,16,6.73
Clyde River,CA,1595129545,70.47,-68.59,42.8,93,90,3.36
Port Augusta,AU,1595129546,-32.5,137.77,59,82,75,16.11
Sorong,ID,1595129546,-0.88,131.25,83.1,75,0,4.61
Serpa,PT,1595129546,37.95,-7.6,60.8,93,90,5.82
Kendari,ID,1595129546,-3.94,122.5,85.12,62,8,4.61
vaitupu,,,,,,,,
Le Vauclin,MQ,1595129547,14.55,-60.84,80.01,94,90,3.36
La Ronge,CA,1595129547,55.1,-105.28,60.8,93,75,4.7
Vilhena,BR,1595129390,-12.74,-60.15,71.38,57,0,4.09
Opunake,NZ,1595129548,-39.46,173.86,63,77,85,1.99
hendijan,,,,,,,,
Santa Inês,BR,1595129367,-3.67,-45.38,71.35,77,10,2.15
Arlit,NE,1595129548,18.74,7.39,87.06,41,38,6.62
Pailón,BO,1595129549,-17.65,-62.75,73.4,83,0,9.17
Grand Bank,CA,1595129549,47.1,-55.77,57.2,100,75,14.99
Ostrovnoy,RU,1595129549,68.05,39.51,63.77,59,17,15.75
Iqaluit,CA,1595129549,63.75,-68.51,44.6,100,75,5.66
Shache,CN,1595129550,38.42,77.24,85.96,23,100,7.36
liniere,,,,,,,,
Bagno a Ripoli,IT,1595129550,43.75,11.32,66,72,0,1.12
dzhusaly,,,,,,,,
Panguna,PG,1595129551,-6.32,155.48,77.31,81,61,1.86
Banjar,ID,1595129551,-8.19,114.97,82.4,94,20,12.75
Smoky Lake,CA,1595129551,54.12,-112.47,68,74,50,2.53
Sussex,US,1595129427,41.18,-74.67,75,94,1,4.27
Yeppoon,AU,1595129552,-23.13,150.73,77,31,0,3.36
Umluj,SA,1595129552,25.02,37.27,86,46,73,9.53
Laguna,US,1595129552,38.42,-121.42,84.2,37,1,10.29
Kaeo,NZ,1595129553,-35.1,173.78,57.99,3,100,11.99
Pilar,BR,1595129553,-9.6,-35.96,69.8,94,40,5.79
Keminmaa,FI,1595129553,65.86,24.82,62.6,88,90,8.05
Aripuanã,BR,1595129553,-9.17,-60.63,74.59,63,0,1.66
Lashio,MM,1595129554,22.93,97.75,72.01,99,100,1.48
Cody,US,1595129374,44.53,-109.06,72,40,1,3.36
Mogok,MM,1595129554,22.92,96.5,67.23,100,100,3
Henties Bay,NA,1595129554,-22.12,14.28,68,25,0,1.01
San Patricio,MX,1595129555,19.22,-104.7,79.07,84,98,4.81
Perivoli,GR,1595129555,39.42,20.01,68,77,20,10.83
Rome,US,1595129433,43.21,-75.46,71.6,78,1,2.46
Żyrardów,PL,1595129555,52.05,20.45,62.01,10,74,5.88
Havelock,US,1595129556,34.88,-76.9,84.99,34,1,4.7
attawapiskat,,,,,,,,
Same,TZ,1595129556,-4.07,37.73,59.25,81,85,3.13
Porto Velho,BR,1595129406,-8.76,-63.9,73.4,94,9,2.24
maghama,,,,,,,,
Tabou,CI,1595129557,4.42,-7.35,74.26,90,19,5.77
Chapais,CA,1595129557,49.78,-74.85,66.2,77,1,3.36
Aykhal,RU,1595129558,66,111.5,59,72,75,6.71
Tulum,MX,1595129558,20.22,-87.47,82,88,40,3.36
Yuli,NG,1595129558,9.7,10.27,71.87,90,99,3.06
Coswig,DE,1595129558,51.13,13.58,60.8,93,0,1.12
Dunedin,NZ,1595129405,-45.87,170.5,52,75,3,5.01
Vostok,RU,1595129559,46.49,135.88,84.67,48,28,4.85
Paamiut,GL,1595129559,61.99,-49.67,45.9,85,99,10.69
Itaporanga,BR,1595129559,-7.3,-38.15,66.83,73,48,4.85
Goderich,CA,1595129560,43.75,-81.72,78.01,81,73,18.01
kamenskoye,,,,,,,,
Oranjemund,NA,1595129560,-28.55,16.43,61.18,32,0,4.65
Mareeba,AU,1595129561,-17,145.43,78.01,50,29,10.29
Merauke,ID,1595129561,-8.47,140.33,79.05,78,81,14.67
Chokurdakh,RU,1595129561,70.63,147.92,67.55,33,0,13.8
Celestún,MX,1595129561,20.87,-90.4,81,80,0,11.45
Abbeville,FR,1595129562,50.1,1.83,59,93,90,3.36
Samarai,PG,1595129562,-10.62,150.67,76.78,85,100,16.06
Rosário Oeste,BR,1595129562,-14.84,-56.43,73.24,44,0,6.33
Fort Abbas,PK,1595129563,29.19,72.85,103.12,35,0,16.84
Kupang,ID,1595129273,-10.17,123.58,89.6,38,20,6.93
Zyryanovsk,KZ,1595129563,49.74,84.27,81.36,52,0,2.68
Manaure,CO,1595129563,11.78,-72.44,81.37,79,1,15.5
Uporovo,RU,1595129564,56.31,66.27,81.07,69,84,2.46
Maniitsoq,GL,1595129564,65.42,-52.9,49.59,78,61,10.58
Katsuura,JP,1595129564,35.13,140.3,82.99,76,82,4
Slave Lake,CA,1595129564,55.28,-114.77,64.4,68,20,2.01
Eureka,US,1595129338,40.8,-124.16,62.01,2,26,2.39
Puerto Cabezas,NI,1595129565,14.04,-83.39,79.25,86,6,9.31
Māngrol,IN,1595129565,21.12,70.12,85.3,78,11,14.99
Bogandé,BF,1595129566,12.97,-0.14,79.81,69,98,11.03
Porto Empedocle,IT,1595129566,37.29,13.53,63,92,0,4.7
Santa Isabel Rio Negro,BR,1595129566,-0.41,-65.02,72.57,96,52,0.07
Acarí,PE,1595129566,-15.43,-74.62,60.22,66,46,3.38
San Quintín,MX,1595129567,30.48,-115.95,68.14,80,0,14.29
Isangel,VU,1595129567,-19.55,169.27,77,53,40,10.29
Rørvik,NO,1595129567,64.86,11.24,55.15,74,97,8.9
At-Bashi,KG,1595129567,41.17,75.81,63.41,50,99,4
longlac,,,,,,,,
Esperance,AU,1595129568,-33.87,121.9,53.6,100,40,3.36
Domoni,KM,1595129568,-12.26,44.53,73.74,67,33,18.37
Hérouville-Saint-Clair,FR,1595129568,49.21,-0.31,57.2,100,90,6.93
Ponta do Sol,PT,1595129569,32.67,-17.1,71.6,64,20,6.93
Saint Lawrence,MT,1595129569,36.06,14.2,73,88,20,4.7
Concepción,CL,1595129569,-36.83,-73.05,55.4,87,90,8.05
Kasangulu,CD,1595129570,-4.59,15.17,68,88,40,3.6
Cherskiy,RU,1595129570,68.75,161.3,72.28,46,0,9.78
Arman',RU,1595129570,59.7,150.17,70,39,68,8.23
Miraflores,MX,1595129571,19.22,-98.81,64.4,68,75,8.05
Kédougou,SN,1595129571,12.56,-12.17,72.66,94,98,2.68
lolua,,,,,,,,
Korla,CN,1595129572,41.76,86.15,88.56,23,100,13.6
Norman Wells,CA,1595129572,65.28,-126.83,68,72,75,3.36
Miajadas,ES,1595129572,39.15,-5.91,77,42,0,1.99
Banda Aceh,ID,1595129573,5.56,95.32,84.79,69,87,3.4
Pichucalco,MX,1595129573,17.52,-93.07,75.79,85,100,2.51
Moengo,SR,1595129573,5.62,-54.4,73.72,93,98,3.15
Taozhuang,CN,1595129573,34.85,117.33,73.38,83,100,8.37
Muros,ES,1595129574,42.78,-9.06,62.01,84,0,1.01
Adrar,MR,1595129574,20.5,-10.07,92.01,22,24,11.95
San Miguel de Tucumán,AR,1595129525,-26.82,-65.22,59,82,7,8.05
Porto Santo,PT,1595129575,33.07,-16.34,69.8,83,40,9.17
Rundu,NA,1595129575,-17.93,19.77,42.75,63,0,6.44
Cotonou,BJ,1595129575,6.37,2.42,75.2,94,20,9.17
skjaerhollen,,,,,,,,
Abu Kamal,SY,1595129576,34.45,40.92,82.02,37,0,9.17
Arrondissement de Laon,FR,1595129576,49.57,3.67,51.8,87,57,2.24
Talnakh,RU,1595129577,69.49,88.4,57.2,67,75,6.71
Lucapa,AO,1595129577,-8.42,20.74,52.41,60,0,4.41
Vágur,FO,1595129577,61.47,-6.81,49.5,88,25,14
Chimoré,BO,1595129578,-16.98,-65.13,73.67,70,59,1.21
Godhra,IN,1595129578,22.75,73.63,82.4,88,75,3.36
ciras,,,,,,,,
Hay River,CA,1595129578,60.82,-115.8,71.6,49,75,8.05
Jerome,US,1595129579,42.72,-114.52,78.8,19,1,9.17
Pagudpud,PH,1595129579,18.56,120.79,89.6,70,20,3.36
Derzhavīnsk,KZ,1595129579,51.1,66.32,83.91,40,0,12.84
St. George's,GD,1595129416,12.06,-61.75,82.4,83,20,11.41
Fillan,NO,1595129580,63.61,8.97,55.4,87,75,5.82
Coihueco,CL,1595129580,-36.62,-71.83,55,100,40,13.87
Sudak,UA,1595129581,44.85,34.97,72.46,78,16,11.79
Buluang,PH,1595129582,13.31,123.34,89.06,61,100,2.91
Lubango,AO,1595129582,-14.92,13.49,45.84,55,0,9.01
Chaoyang,CN,1595129582,41.57,120.46,80.29,53,100,7.34
Temir,KZ,1595129583,49.14,57.13,83.95,51,0,13.09
Mumford,GH,1595129583,5.26,-0.76,74.01,94,99,8.12
Aklavik,CA,1595129584,68.22,-135.01,46.4,70,75,8.05
Alekseyevsk,RU,1595129584,57.84,108.35,64.15,47,17,5.14
Kouroussa,GN,1595129584,10.65,-9.88,67.08,94,100,5.97
San Andrés,CO,1595129585,12.58,-81.7,82.4,83,40,12.75
skagastrond,,,,,,,,
Maţāy,EG,1595129585,28.42,30.78,70.11,72,0,11.74
Kavieng,PG,1595129586,-2.57,150.8,82.51,76,92,7.02
Atambua,ID,1595129586,-9.11,124.89,83.84,41,0,1.88
Sydney Mines,CA,1595129586,46.24,-60.22,59,93,75,3.36
stoyba,,,,,,,,
Athens,GR,1595129310,37.98,23.72,75.99,60,0,3.36
Meulaboh,ID,1595129587,4.14,96.13,86.77,62,56,0.94
Buraidah,SA,1595129587,26.33,43.98,89.6,24,20,11.41
Port Antonio,JM,1595129588,18.18,-76.46,84.2,74,20,3.36
Bernal,PE,1595129588,-5.45,-80.75,63.66,77,3,13.04
Bundaberg,AU,1595129588,-24.85,152.35,75.2,36,0,6.93
Klaksvík,FO,1595129588,62.23,-6.59,46.4,93,86,10.29
Kirakira,SB,1595129589,-10.45,161.92,82.24,78,100,5.91
Murray Bridge,AU,1595129589,-35.12,139.27,54,84,23,18.01
Buerarema,BR,1595129589,-14.96,-39.3,62.65,96,23,3.38
Kudahuvadhoo,MV,1595129590,2.67,72.89,79.88,86,100,21.7
Marck,FR,1595129590,50.95,1.94,55.99,98,98,1.01
ballstad,,,,,,,,
Kulhudhuffushi,MV,1595129590,6.62,73.07,83.46,73,98,21.85
Along,IN,1595129591,28.17,94.77,74.91,90,100,1.41
Baní,DO,1595129591,18.28,-70.33,82,81,77,4
Jumla,NP,1595129591,29.27,82.18,67.39,69,87,2.71
Develi,TR,1595129592,38.39,35.49,62.6,77,0,4.7
Sekichō-furumaya,JP,1595129592,34.85,136.4,93,83,20,4.7
Nouadhibou,MR,1595129592,20.93,-17.03,69.8,94,90,12.75
Francistown,BW,1595129593,-21.17,27.51,41.79,83,0,5.41
Parintins,BR,1595129379,-2.63,-56.74,74.86,74,0,2.17
Baharly,TM,1595129593,38.44,57.43,95.16,17,0,7.63
Pancol,PH,1595129594,10.87,119.42,86.36,64,100,8.32
Haines Junction,CA,1595129594,60.75,-137.51,63.34,52,11,7.14
Honiara,SB,1595129594,-9.43,159.95,86,66,75,3.36
gurgan,,,,,,,,
Severo-Kuril'sk,RU,1595129595,50.68,156.12,53.4,82,69,13.82
Hanmer Springs,NZ,1595129595,-42.52,172.82,47.77,81,100,3.8
Lanivtsi,UA,1595129595,49.86,26.09,60.6,90,41,4.59
Aniva,RU,1595129596,46.71,142.53,69.8,77,20,2.24
Miran Shah,PK,1595129596,33.01,70.07,89.42,39,0,4.12
Cap-aux-Meules,CA,1595129596,47.38,-61.86,59,93,75,5.82
Envira,BR,1595129597,-7.3,-70.22,77.72,63,81,0.63
Bahía Honda,CU,1595129597,22.9,-83.16,79.43,84,100,8.41
Guangyuan,CN,1595129598,32.44,105.82,79,56,10,5.99
Pionerskiy,RU,1595129598,54.95,20.23,55.4,100,73,4.47
Codajás,BR,1595129598,-3.84,-62.06,73.09,94,53,1.43
Arusha,TZ,1595129599,-3.37,36.68,54.59,82,71,4.88
Pogranichnyy,RU,1595129599,44.41,131.38,81.45,45,46,9.8
Valleyview,CA,1595129599,55.07,-117.29,56.08,84,100,5.66
Bambanglipuro,ID,1595129600,-7.95,110.28,83.17,68,29,12.93
Sisimiut,GL,1595129600,66.94,-53.67,53.11,59,94,3.85
Sulangan,PH,1595129600,11.14,123.72,83.64,70,100,5.59
Skibbereen,IE,1595129601,51.55,-9.27,50,87,20,11.41
Winnemucca,US,1595129585,40.97,-117.74,89.6,11,1,5.82
Qinzhou,CN,1595129601,21.95,108.62,92.97,60,100,17.98
Beipiao,CN,1595129602,41.79,120.78,77.59,62,100,10.04
Zuwārah,LY,1595129602,32.93,12.08,74.84,82,0,8.48
Zhangye,CN,1595129337,38.93,100.45,82.4,15,0,2.59
sinkat,,,,,,,,
Monrovia,LR,1595129603,6.3,-10.8,73.02,89,79,3.49
Strelka,RU,1595129603,58.07,93.03,70.92,41,54,1.36
Baryshivka,UA,1595129604,50.36,31.32,61,87,0,4.47
Dingle,PH,1595129604,11,122.67,86.65,66,100,6.31
Virginia Beach,US,1595129417,36.85,-75.98,81,78,20,6.93
Burirao,PH,1595129605,9.2,118.1,81.55,76,92,3.91
‘Ewa Beach,US,1595129332,21.32,-158.01,87.8,52,1,9.17
Nome,US,1595129605,64.5,-165.41,61,76,40,20.8
High Level,CA,1595129606,58.52,-117.14,66.2,72,75,4.7
Vitim,RU,1595129606,59.45,112.56,67.95,45,100,1.68
Parry Sound,CA,1595129606,45.35,-80.03,75,82,37,1.01
Kavaratti,IN,1595129607,10.57,72.64,80.6,94,90,6.93
Inírida,CO,1595129607,3.87,-67.92,72.46,95,75,0.96
Khandyga,RU,1595129607,62.67,135.6,74.26,77,100,3.96
Beringovskiy,RU,1595129608,63.05,179.32,47.43,94,99,9.33
Tazovsky,RU,1595129608,67.47,78.7,54.16,62,96,9.98
Tambopata,PE,1595129608,-12.73,-69.18,73.45,77,0,1.72
Toora-Khem,RU,1595129609,52.47,96.11,74.82,32,0,0.31
Nishihara,JP,1595129609,26.18,127.76,89.6,70,75,9.17
Naujamiestis,LT,1595129609,55.69,24.15,59,87,99,1.12
Tamayo,DO,1595129610,18.39,-71.2,77.92,76,73,1.23
Te Anau,NZ,1595129610,-45.42,167.72,48.7,70,0,1.28
Ladário,BR,1595129610,-19,-57.6,72.97,48,0,3.58
Porosozero,RU,1595129611,62.72,32.73,65.48,66,9,2.66
Kasempa,ZM,1595129611,-13.46,25.83,43.11,94,0,5.88
Cooma,AU,1595129385,-36.23,149.13,51.8,50,44,16.11
Qinhuangdao,CN,1595129611,39.93,119.59,78.1,66,100,13.89
Nushki,PK,1595129612,29.55,66.02,91.26,35,0,8.79
São Filipe,CV,1595129612,14.9,-24.5,76.41,75,19,3.76
Discovery Bay,US,1595129448,37.91,-121.6,87.01,30,1,14.99
Chaihe,CN,1595129614,44.77,129.7,86.58,25,63,5.68
ngukurr,,,,,,,,
tsienyane,,,,,,,,
San Policarpo,PH,1595129616,12.18,125.51,84.94,66,100,8.43
Iwanai,JP,1595129616,42.97,140.51,78.67,64,80,1.9
Crotone,IT,1595129617,39.09,17.12,69.48,71,0,9.82
Province of Brindisi,IT,1595129617,40.58,17.67,71.6,64,19,8.05
Mpanda,TZ,1595129618,-6.37,31.04,52.83,82,50,0.36
Magdagachi,RU,1595129618,53.45,125.8,88.95,31,24,13.71
Ucluelet,CA,1595129619,48.93,-125.55,59,89,13,1.01
Pinawa,CA,1595129620,50.15,-95.88,59.02,97,93,5.21
Novorzhev,RU,1595129524,57.03,29.33,61.45,90,100,1.1
Umm Kaddadah,SD,1595129620,13.6,26.69,78.55,60,1,14.72
Pangody,RU,1595129620,65.85,74.49,53.83,86,100,10.18
